{
    "activation": "elu",
    "batchsize": 256,
    "dropout1": 0.018195067193059022,
    "dropout2": 0.32907678342440344,
    "initializer": "RN",
    "layer1": 1032.228390773144,
    "layer2": 239.69398910901413,
    "layer3": 1236.3175666745672,
    "layer4": 1163.4560269775084,
    "learning_rate": 0.00016864815673883727,
    "TRIAL_BUDGET": 100
}